campaign_id,split,instrument,side,entry_time,exit_time,decision_time,hour,weekday,session_bucket,spread_pips,spread_to_atr_pct,result_r,exit_reason,bars_held,pnl,mfe_status,mfe_r,mae_r,reached_plus_0_25r,reached_plus_0_5r,reached_plus_1_0r,touched_minus_0_5r,touched_minus_0_9r,atr_at_entry,m15_adx_at_entry,m15_reclaim_distance_atr,m15_body_atr,m15_close_dist_ema50_atr,h4_adx_at_entry,h4_bias_score,h4_ema_slope_atr,h4_close_dist_ema50_atr,recon_h4_bias,h4_feature_time,h1_rsi_at_entry,h1_pullback_depth_atr,h1_close_dist_ema50_atr,h1_feature_time,volatility_regime
CAMPAIGN_022,train,AUD_USD,short,2021-11-29T19:45:00+00:00,2021-11-30T00:00:00+00:00,2021-11-29T19:30:00+00:00,19,Mon,new_york,1.4,24.089200759066344,-1.0,hard_stop,3,-1.31856,OK,-0.201493,-1.447761,False,False,False,True,True,0.0005811732875666655,26.65951574889323,0.29535594727572423,0.15485914773691442,1.1942549749856306,22.42384775236334,-3,0.46693745547413523,3.8819430158802506,bearish,2021-11-26T10:00:00+00:00,33.40133834778156,0.6689968490374011,3.581288960149825,2021-11-29T16:00:00+00:00,med
CAMPAIGN_022,train,AUD_USD,short,2021-11-30T05:15:00+00:00,2021-11-30T12:15:00+00:00,2021-11-30T05:00:00+00:00,5,Tue,asia,1.3,19.426069318365432,-1.0,hard_stop,29,-1.311985,OK,2.564202,-1.101167,True,True,True,True,True,0.00066920383053044,27.139520690390466,1.7817592738642505,2.2713557972243805,1.6465836003227097,22.42384775236334,-3,0.46693745547413523,3.8819430158802506,bearish,2021-11-26T10:00:00+00:00,36.05168306653717,0.562918181654141,3.4507854392109905,2021-11-30T05:00:00+00:00,med
CAMPAIGN_022,train,AUD_USD,short,2021-11-30T15:45:00+00:00,2021-12-01T02:15:00+00:00,2021-11-30T15:30:00+00:00,15,Tue,london_ny_overlap,1.1,11.366164642758088,-1.0,hard_stop,32,-1.284725,OK,3.991045,-0.99403,True,True,True,True,True,0.0009677846789777598,31.818985798311598,1.5210203674079446,2.97586856101302,0.7185980160985217,26.30368347943688,-3,0.4513995979055247,4.00937163148831,bearish,2021-11-30T14:00:00+00:00,37.395696408409066,1.7890696743634016,2.947309317021068,2021-11-30T15:00:00+00:00,high
CAMPAIGN_022,train,AUD_USD,short,2021-12-02T02:15:00+00:00,2021-12-02T10:45:00+00:00,2021-12-02T02:00:00+00:00,2,Thu,asia,1.2,15.682692118998848,0.361963190184049,time_stop,32,0.46551,OK,1.055215,-0.453988,True,True,True,False,False,0.0007651747486302152,37.85805197531857,0.1391664849562176,0.4835496736691069,1.7734387140165726,28.772092002445493,-3,0.39501998179274045,2.7068289187897037,bearish,2021-12-01T10:00:00+00:00,44.813349963803454,0.3519955331011384,1.3018640262816588,2021-12-02T02:00:00+00:00,med
CAMPAIGN_022,train,AUD_USD,short,2021-12-02T15:45:00+00:00,2021-12-03T03:30:00+00:00,2021-12-02T15:30:00+00:00,15,Thu,london_ny_overlap,1.2,14.794731336906624,1.6666666666666665,time_stop,32,2.1465,OK,2.148148,-0.37037,True,True,True,False,False,0.0008110995547492677,19.686081640271095,0.07202925991962102,1.1712495641717822,0.630031202955174,33.13480421893883,-3,0.4659269411707559,3.7418465658308104,bearish,2021-12-02T14:00:00+00:00,40.20470679177399,0.05640406386196236,1.9862736229672922,2021-12-02T15:00:00+00:00,high
CAMPAIGN_022,train,EUR_USD,short,2021-06-21T19:00:00+00:00,2021-06-21T19:15:00+00:00,2021-06-21T18:45:00+00:00,19,Mon,new_york,1.4,23.13485385050858,-1.0,hard_stop,2,-1.32048,OK,-0.664122,-0.984733,False,False,False,True,True,0.0006051475444999293,21.745595616489542,0.5275545723528906,0.9419190496277822,-1.1107026308850738,49.29681449961461,-3,0.5629283493780116,3.9054830157123526,bearish,2021-06-21T13:00:00+00:00,55.628968822728126,2.1180073833643394,0.587704643975274,2021-06-21T18:00:00+00:00,med
CAMPAIGN_022,train,EUR_USD,short,2021-06-22T08:00:00+00:00,2021-06-22T15:45:00+00:00,2021-06-22T07:45:00+00:00,8,Tue,london,1.1,16.35356912139355,-0.740072202166065,time_stop,32,-0.960425,OK,1.411552,-0.819495,True,True,True,True,False,0.000672636041609408,20.155004572894963,0.1810613214997907,1.2190842435948555,0.42782791606343246,48.80416579548589,-3,0.5442186531348778,4.4555459049045565,bearish,2021-06-22T05:00:00+00:00,50.32656736308479,0.7746736077175237,0.8725976669662441,2021-06-22T07:00:00+00:00,med
CAMPAIGN_022,train,EUR_USD,short,2021-06-24T01:15:00+00:00,2021-06-24T06:30:00+00:00,2021-06-24T01:00:00+00:00,1,Thu,asia,1.5,33.25123168777773,-1.0,hard_stop,19,-1.338795,OK,0.772512,-0.952607,True,True,False,True,True,0.0004511111089311498,19.364257444171333,0.6010751180273856,0.8423645360904732,1.388628357104853,33.47292252776735,-3,0.30986915828719974,2.80917729991089,bearish,2021-06-23T17:00:00+00:00,47.39763115868174,0.16117133294798197,0.021413719314581307,2021-06-24T01:00:00+00:00,low
CAMPAIGN_022,train,EUR_USD,short,2021-07-01T14:15:00+00:00,2021-07-02T00:30:00+00:00,2021-07-01T14:00:00+00:00,14,Thu,london_ny_overlap,1.2,14.767799111016423,0.7025316455696202,time_stop,32,0.90576,OK,1.139241,-0.708861,True,True,True,True,False,0.0008125787674785127,26.19405422275047,0.7897379581808933,2.190556868134244,0.08147478764733992,22.246633652102386,-3,0.3936205846685444,3.3694589641033423,bearish,2021-07-01T13:00:00+00:00,49.53027888712015,1.4319967284356736,0.9060055169770308,2021-07-01T14:00:00+00:00,med
CAMPAIGN_022,train,EUR_USD,short,2021-07-02T13:45:00+00:00,2021-07-02T17:00:00+00:00,2021-07-02T13:30:00+00:00,13,Fri,london_ny_overlap,1.4,12.697175632273684,-1.0,hard_stop,14,-1.2825,OK,-0.008889,-1.066667,False,False,False,True,True,0.0011026074148659326,32.73918368708206,0.27333594736446537,0.7255528932729034,0.5091587200341436,24.295890180741626,-3,0.3844470231731616,3.1157834664490895,bearish,2021-07-02T13:00:00+00:00,48.76456378091013,1.0821428745868584,1.0177675850229004,2021-07-02T13:00:00+00:00,high
CAMPAIGN_022,train,GBP_USD,short,2021-07-01T00:45:00+00:00,2021-07-01T11:45:00+00:00,2021-07-01T00:30:00+00:00,0,Thu,asia,1.7,19.284059926981527,0.4172839506172839,time_stop,32,0.54418,OK,2.664198,-0.77284,True,True,True,True,False,0.0008815571028284476,22.74537864021132,0.06777227132974765,0.601208927135215,0.6819344467395394,28.879933062043584,-3,0.3936530451461988,3.5865605113091887,bearish,2021-06-30T13:00:00+00:00,32.61611081622026,0.675220419450958,3.099366524316959,2021-06-30T16:00:00+00:00,low
CAMPAIGN_022,train,GBP_USD,short,2021-07-01T13:45:00+00:00,2021-07-02T01:30:00+00:00,2021-07-01T13:30:00+00:00,13,Thu,london_ny_overlap,1.6,14.823119026471879,1.5087719298245614,time_stop,32,1.95392,OK,2.0,-0.745614,True,True,True,True,False,0.0010793949621146796,21.075568242335255,0.3023981281349659,0.8615937934135625,0.7417671657319397,30.597568551600112,-3,0.43424739735844076,3.912660899600683,bearish,2021-07-01T13:00:00+00:00,44.04000272757617,0.13062844159705633,1.6773549405356862,2021-07-01T13:00:00+00:00,med
CAMPAIGN_022,train,GBP_USD,short,2021-07-06T13:15:00+00:00,2021-07-07T01:15:00+00:00,2021-07-06T13:00:00+00:00,13,Tue,london_ny_overlap,1.3,12.553336905972706,1.721227621483376,time_stop,32,2.23436,OK,3.347826,-0.289003,True,True,True,False,False,0.0010355812241297194,27.098452332650048,1.745542255366984,2.047159556973914,1.9396855634955577,27.38000177524285,-3,0.24734359351831234,2.9015727494457497,bearish,2021-07-06T13:00:00+00:00,47.42703075954354,1.3607827626899842,0.029631228747714358,2021-07-06T13:00:00+00:00,med
CAMPAIGN_022,train,GBP_USD,short,2021-07-07T13:15:00+00:00,2021-07-08T00:45:00+00:00,2021-07-07T13:00:00+00:00,13,Wed,london_ny_overlap,1.7,15.195729826939733,0.9119496855345912,time_stop,32,1.1919,OK,2.459119,-0.291405,True,True,True,False,False,0.00111873534167879,18.47069823979511,0.3280331815539899,0.6614611807020493,-0.09458534410063826,27.163603293736987,-3,0.32838398480422815,2.3662105123677453,bearish,2021-07-07T13:00:00+00:00,47.349128050496894,1.2273635154432712,0.579293426241251,2021-07-07T13:00:00+00:00,med
CAMPAIGN_022,train,GBP_USD,short,2021-07-09T07:30:00+00:00,2021-07-09T07:45:00+00:00,2021-07-09T07:15:00+00:00,7,Fri,london,1.8,19.52837956108758,-1.0,hard_stop,2,-1.32384,OK,-0.045685,-1.050761,False,False,False,True,True,0.0009217354642095836,20.375423265095478,0.5784899107019844,0.8570788807364547,0.8026019933454384,28.379275056737832,-3,0.3053146327072543,2.4238931375495745,bearish,2021-07-09T05:00:00+00:00,48.45120292701141,0.6189533676897208,0.7029893961261792,2021-07-09T07:00:00+00:00,med
CAMPAIGN_022,train,NZD_USD,short,2021-08-19T16:30:00+00:00,2021-08-20T05:15:00+00:00,2021-08-19T16:15:00+00:00,16,Thu,new_york,1.5,16.998208590552053,0.6330749354005167,time_stop,32,0.8232,OK,1.511628,-0.276486,True,True,True,False,False,0.0008824459307045628,19.682885416344586,0.3303969469624449,0.39662486711296335,0.6122492965696814,25.31111637628809,-3,0.49215264054976254,3.6618302746101445,bearish,2021-08-19T13:00:00+00:00,40.14100285008975,0.1988198956592438,2.914959234488441,2021-08-19T16:00:00+00:00,high
CAMPAIGN_022,train,NZD_USD,long,2021-09-01T00:15:00+00:00,2021-09-01T00:45:00+00:00,2021-09-01T00:00:00+00:00,0,Wed,asia,1.3,22.224229572484802,-1.0,hard_stop,3,-1.32145,OK,-0.311741,-1.753036,False,False,False,True,True,0.0005849471612772996,18.254659178685717,0.9421035599267036,0.6496313259650207,1.3367526436465285,24.690368949563116,1,0.23221136413545848,1.6634705570242994,bullish,2021-08-31T13:00:00+00:00,56.232504277892154,0.09447304703866974,2.5651257098850095,2021-09-01T00:00:00+00:00,med
CAMPAIGN_022,train,NZD_USD,long,2021-09-01T12:45:00+00:00,2021-09-02T01:45:00+00:00,2021-09-01T12:30:00+00:00,12,Wed,london_ny_overlap,1.5,25.37373765118447,0.5875486381322957,time_stop,32,0.77916,OK,1.809339,-0.175097,True,True,True,False,False,0.0005911624139181476,18.670266591362537,0.6417919474072146,1.014949506047267,0.719264319193603,24.690368949563116,1,0.23221136413545848,1.6634705570242994,bullish,2021-08-31T13:00:00+00:00,58.44960451686062,0.18664832246111218,2.865866349995138,2021-09-01T12:00:00+00:00,med
CAMPAIGN_022,train,NZD_USD,long,2021-09-06T11:45:00+00:00,2021-09-06T14:30:00+00:00,2021-09-06T11:30:00+00:00,11,Mon,london,1.5,30.184045154741778,-1.0,hard_stop,12,-1.34147,OK,0.013575,-1.054299,False,False,False,True,True,0.0004969512841337493,18.967262354969193,1.2556420494624607,0.04024539353969595,0.8353758453540817,27.26186516912654,3,0.44338018551789243,3.5458137001398633,bullish,2021-09-06T05:00:00+00:00,57.74844191254469,0.21115974555715725,2.990910222902094,2021-09-06T10:00:00+00:00,med
CAMPAIGN_022,train,NZD_USD,long,2021-09-09T13:00:00+00:00,2021-09-09T17:30:00+00:00,2021-09-09T12:45:00+00:00,13,Thu,london_ny_overlap,1.5,22.901061676301588,-1.0,hard_stop,19,-1.32079,OK,0.583643,-0.947955,True,True,False,True,True,0.0006549914677327933,32.067033236046214,1.2024687543186772,1.435133198381476,2.300939824262995,25.206203310417234,3,0.3061353321665062,2.692927260768222,bullish,2021-09-09T09:00:00+00:00,59.1973858225487,0.4845836341516453,1.3757113018373874,2021-09-09T12:00:00+00:00,high
CAMPAIGN_022,train,USD_CAD,long,2021-07-21T02:15:00+00:00,2021-07-21T08:30:00+00:00,2021-07-21T02:00:00+00:00,2,Wed,asia,1.9,21.122391707557412,-0.7883637510347274,hard_stop,23,-1.3156293113642634,OK,1.349614,-1.298201,True,True,True,True,True,0.0008995193471959883,35.54913353080931,0.8105658131544881,0.9560661509737435,-1.3880672941780092,39.826616392360556,3,0.6036028744603708,4.108346530325126,bullish,2021-07-20T13:00:00+00:00,48.825373224043965,2.03900185734237,1.002988372253785,2021-07-21T02:00:00+00:00,med
CAMPAIGN_022,train,USD_CAD,long,2021-07-21T11:30:00+00:00,2021-07-21T12:15:00+00:00,2021-07-21T11:15:00+00:00,11,Wed,london,1.9,18.681617249735247,-0.7890355618327718,hard_stop,4,-1.3042757837095715,OK,0.429885,-1.078161,True,False,False,True,True,0.0010170425689600973,24.489943288335933,0.28509256960813384,0.9537457227495583,-0.6972936913258465,39.210856237902306,3,0.5266869994938472,3.3566097933356445,bullish,2021-07-21T09:00:00+00:00,47.78654674651784,1.7547225976745964,0.4267817920830027,2021-07-21T11:00:00+00:00,high
CAMPAIGN_022,train,USD_CAD,long,2021-07-27T13:45:00+00:00,2021-07-27T14:00:00+00:00,2021-07-27T13:30:00+00:00,13,Tue,london_ny_overlap,1.9,17.53358278322925,-0.795462680868327,hard_stop,2,-1.3047258437870388,OK,-0.120393,-1.009828,False,False,False,True,True,0.0010836347730466913,22.96196468316601,1.781364269985727,2.694634827738216,2.106227393158094,20.257141353261197,3,0.15867561256854004,1.5982012998213293,bullish,2021-07-27T13:00:00+00:00,54.80672380980841,0.6311237919929845,0.12136743156315856,2021-07-27T13:00:00+00:00,high
CAMPAIGN_022,train,USD_CAD,long,2021-07-27T15:45:00+00:00,2021-07-28T03:00:00+00:00,2021-07-27T15:30:00+00:00,15,Tue,london_ny_overlap,1.7,12.477622666376929,-0.265017199616255,time_stop,32,-0.4266763662961726,OK,0.653775,-0.502762,True,True,False,True,False,0.001362439020199688,19.09861817938678,0.9135792443001381,1.6367705027070574,1.1513682135977588,20.257141353261197,3,0.15867561256854004,1.5982012998213293,bullish,2021-07-27T13:00:00+00:00,53.471377522826266,0.5910516811926411,0.015356432338949129,2021-07-27T15:00:00+00:00,high
CAMPAIGN_022,train,USD_CAD,short,2021-08-02T03:30:00+00:00,2021-08-02T13:45:00+00:00,2021-08-02T03:15:00+00:00,3,Mon,asia,2.1,28.46819692446111,0.5581056218482302,time_stop,32,0.919869685930253,OK,1.244776,-0.450746,True,True,True,False,False,0.0007376652640039837,18.43164524190569,0.188784737107896,0.8811584762333735,-0.8452351183378395,20.773440060243054,-1,0.09683582521566907,0.3344482046346382,bearish,2021-07-30T13:00:00+00:00,54.58385714517968,1.4240790162752666,0.5344933351309613,2021-08-02T01:00:00+00:00,med
CAMPAIGN_022,train,USD_CHF,long,2022-02-28T08:45:00+00:00,2022-02-28T08:45:00+00:00,2022-02-28T08:30:00+00:00,8,Mon,london,1.7,24.540583924683837,-1.081092768570471,hard_stop,1,-1.329414372047265,NO_BARS,,,False,False,False,False,False,0.0006927300528860182,23.48376248075136,0.10750282919370825,0.8372669809598374,-0.1971773095735338,20.26681981040477,3,0.14462727318694155,0.22209351596592106,bullish,2022-02-28T06:00:00+00:00,44.60432572545666,0.9538855936118923,0.27252911925701834,2022-02-28T08:00:00+00:00,med
CAMPAIGN_022,train,USD_CHF,long,2022-03-09T11:30:00+00:00,2022-03-09T15:30:00+00:00,2022-03-09T11:15:00+00:00,11,Wed,london,1.4,19.8828275570219,-1.0786439288526464,hard_stop,17,-1.3098512550022112,OK,0.221477,-1.281879,False,False,False,True,True,0.0007041252035129029,19.321584720699917,0.3289766893386796,0.8095151219645631,-0.0016629230115491366,21.005072675683667,3,0.2278615224224979,1.7300965052956858,bullish,2022-03-09T10:00:00+00:00,53.13386707759517,0.47639630118664955,1.4234132681992777,2022-03-09T11:00:00+00:00,med
CAMPAIGN_022,train,USD_CHF,long,2022-03-09T19:00:00+00:00,2022-03-10T04:00:00+00:00,2022-03-09T18:45:00+00:00,19,Wed,new_york,1.6,20.313425609206437,0.5598632248121749,time_stop,32,0.6744504310344827,OK,0.748603,-0.692737,True,True,False,True,False,0.000787656415407773,19.84383795720267,0.2025269110796047,0.3681808391668825,-0.6251396787482153,20.97759524881078,3,0.1780373961471288,0.9662647718414183,bullish,2022-03-09T14:00:00+00:00,46.985389169833304,1.9132593841259018,0.3971412182933763,2022-03-09T18:00:00+00:00,med
CAMPAIGN_022,train,USD_CHF,long,2022-03-10T12:00:00+00:00,2022-03-10T13:00:00+00:00,2022-03-10T11:45:00+00:00,12,Thu,london_ny_overlap,1.4,20.6898553183066,-1.0803919662053392,hard_stop,5,-1.3113797685800408,OK,0.535714,-1.064286,True,True,False,True,True,0.0006766601208473727,20.688077880275696,0.00811493119946892,1.5665176169574255,-0.42120373110369896,20.045916861442212,3,0.1961612162362622,2.153712216906574,bullish,2022-03-10T10:00:00+00:00,47.21846507105956,1.3765764958123523,0.12213185552487624,2022-03-10T11:00:00+00:00,med
CAMPAIGN_022,train,USD_CHF,long,2022-03-14T11:00:00+00:00,2022-03-14T14:45:00+00:00,2022-03-14T10:45:00+00:00,11,Mon,london,1.6,21.518086379747363,-1.070709666366868,hard_stop,16,-1.3078504432738018,OK,0.234568,-0.962963,False,False,False,True,True,0.0007435605433324713,22.65911743399404,0.5361034901043772,0.9683138870887038,0.5749802417335795,24.73206988320881,3,0.38061787798154845,3.0533066231344566,bullish,2022-03-14T09:00:00+00:00,58.94172442537247,1.5669691550061693,2.472660282961769,2022-03-14T10:00:00+00:00,med
CAMPAIGN_022,train,USD_JPY,short,2021-07-09T10:00:00+00:00,2021-07-09T13:45:00+00:00,2021-07-09T09:45:00+00:00,10,Fri,london,1.2,19.881657408699528,-0.0090793535500272,hard_stop,16,-1.3089704013074268,OK,0.846154,-1.446154,True,True,False,True,True,0.06035714102361111,31.28991843573521,0.24264901972032923,1.0437870139567647,-0.6891958736206533,23.2583841666776,-3,0.1571080465946434,1.3660155872539428,bearish,2021-07-09T09:00:00+00:00,49.41172365273489,1.2176159186361295,1.358353923865604,2021-07-09T09:00:00+00:00,low
CAMPAIGN_022,train,USD_JPY,short,2021-07-15T13:30:00+00:00,2021-07-15T14:45:00+00:00,2021-07-15T13:15:00+00:00,13,Thu,london_ny_overlap,1.3,19.390418514803244,-0.0090865310350467,hard_stop,6,-1.3022589116153127,OK,0.429553,-0.979381,True,False,False,True,True,0.06704342142009673,34.03424155251357,0.3562909116677983,1.0739308715891434,0.11802302547355491,22.283108817959693,-3,0.16928194040313793,0.8775652630321027,bearish,2021-07-15T09:00:00+00:00,41.627794537735944,0.7675941486749797,1.8832719935896394,2021-07-15T13:00:00+00:00,low
CAMPAIGN_022,train,USD_JPY,short,2021-07-15T17:30:00+00:00,2021-07-16T02:30:00+00:00,2021-07-15T17:15:00+00:00,17,Thu,new_york,1.3,21.980645158442226,-0.0090864484707507,hard_stop,29,-1.3079715412433897,OK,1.52549,-1.156863,True,True,True,True,True,0.059142941011478996,19.401680092739454,0.8933211560325136,1.2681141437563304,0.3614237441609865,22.283108817959693,-3,0.16928194040313793,0.8775652630321027,bearish,2021-07-15T09:00:00+00:00,42.15982553291272,0.7323213575038544,1.8447820386089815,2021-07-15T17:00:00+00:00,low
CAMPAIGN_022,train,USD_JPY,short,2021-07-20T09:30:00+00:00,2021-07-20T14:15:00+00:00,2021-07-20T09:15:00+00:00,9,Tue,london,1.4,22.84535977441909,-0.0091159364801546,hard_stop,20,-1.3033419023136246,OK,1.624113,-1.35461,True,True,True,True,True,0.06128159126509528,27.61825637070964,0.112210740403487,0.19581736949502818,-0.3674972482620867,24.64747487564202,-3,0.2909615064495667,2.078976379295225,bearish,2021-07-20T09:00:00+00:00,41.2763287469364,1.0422371922292162,2.0684990501548244,2021-07-20T09:00:00+00:00,low
CAMPAIGN_022,train,USD_JPY,long,2021-09-28T15:00:00+00:00,2021-09-28T15:30:00+00:00,2021-09-28T14:45:00+00:00,15,Tue,london_ny_overlap,1.2,11.893502809345245,-0.0089885216578429,hard_stop,3,-1.2750757282949672,OK,-0.158654,-1.048077,False,False,False,True,True,0.10089542326059801,27.41076949167552,0.25223834809594714,0.9911252341120473,1.2413351046584655,36.75145752360685,3,0.5481147439235354,4.285025015965861,bullish,2021-09-28T13:00:00+00:00,67.31764404486266,0.09113770090294952,3.73570086483158,2021-09-28T14:00:00+00:00,med
CAMPAIGN_022,validation,AUD_USD,short,2024-01-23T14:15:00+00:00,2024-01-23T23:15:00+00:00,2024-01-23T14:00:00+00:00,14,Tue,london_ny_overlap,1.1,18.134963076199664,-0.0272373540856031,time_stop,32,-0.03556,OK,2.610895,-0.143969,True,True,True,False,False,0.0006065631318784657,24.764809299294598,0.43272765134077457,1.0221524642948139,0.5005719945899455,27.627344811007237,-3,0.28472411425253236,2.973453689947339,bearish,2024-01-23T14:00:00+00:00,42.54370650767039,0.872913708048406,0.9407900926003164,2024-01-23T14:00:00+00:00,med
CAMPAIGN_022,validation,AUD_USD,short,2024-01-24T01:30:00+00:00,2024-01-24T07:30:00+00:00,2024-01-24T01:15:00+00:00,1,Wed,asia,1.2,24.827763565626487,-1.0,hard_stop,25,-1.32957,OK,0.989899,-1.434343,True,True,False,True,True,0.00048332988061050114,18.258047509521376,0.1673983186534216,0.49655527131256694,0.18075063969228988,27.627344811007237,-3,0.28472411425253236,2.973453689947339,bearish,2024-01-23T14:00:00+00:00,47.22006058717615,0.5987144142844015,0.5448171417127405,2024-01-24T01:00:00+00:00,low
CAMPAIGN_022,validation,AUD_USD,short,2024-01-25T02:30:00+00:00,2024-01-25T09:30:00+00:00,2024-01-25T02:15:00+00:00,2,Thu,asia,1.3,25.231339872681367,-1.0,hard_stop,29,-1.318085,OK,0.472803,-1.108787,True,False,False,True,True,0.000515232249480157,37.67285093603514,0.01005444343066582,0.038817445958010156,1.2925247457317726,21.781526513116876,-3,0.151226235894886,2.068257622710727,bearish,2024-01-25T02:00:00+00:00,41.93541750038585,1.2258336288662397,1.0013991253615542,2024-01-25T02:00:00+00:00,low
CAMPAIGN_022,validation,AUD_USD,long,2024-03-11T06:30:00+00:00,2024-03-11T07:15:00+00:00,2024-03-11T06:15:00+00:00,6,Mon,asia,1.2,29.247210639207815,-1.0,hard_stop,4,-1.32897,OK,0.290323,-1.086022,True,False,False,True,True,0.00041029553717212295,23.319983899883685,0.018974905867121937,0.3168447819246623,-1.1354645919394668,25.78106429621762,3,0.38691294043671925,2.8148483658501346,bullish,2024-03-08T18:00:00+00:00,46.66103554292257,1.4823780832290376,1.0021403641466746,2024-03-11T06:00:00+00:00,low
CAMPAIGN_022,validation,AUD_USD,long,2024-03-11T08:00:00+00:00,2024-03-11T08:45:00+00:00,2024-03-11T07:45:00+00:00,8,Mon,london,1.2,25.002456806836708,-1.0,hard_stop,4,-1.3156,OK,-0.144231,-1.057692,False,False,False,True,True,0.00047995283394385084,20.04380445587735,0.6876717387114839,1.0000982722735432,-0.13203277597213203,25.78106429621762,3,0.38691294043671925,2.8148483658501346,bullish,2024-03-08T18:00:00+00:00,48.01130743172955,1.5003163112980906,1.0709105256675469,2024-03-11T07:00:00+00:00,low
CAMPAIGN_022,validation,EUR_USD,short,2024-02-15T03:30:00+00:00,2024-02-15T07:00:00+00:00,2024-02-15T03:15:00+00:00,3,Thu,asia,1.4,47.49200758272532,-1.0,hard_stop,15,-1.3785,OK,0.36,-0.906667,True,False,False,True,True,0.00029478644328971977,21.85162260201111,0.10082356198176774,0.40707435070872805,-0.9520966418715613,25.298113825764304,-3,0.24402983551516466,1.9103428524968062,bearish,2024-02-15T02:00:00+00:00,50.41173192392365,1.4144512288423832,0.7705394783876945,2024-02-15T03:00:00+00:00,low
CAMPAIGN_022,validation,EUR_USD,short,2024-02-15T09:00:00+00:00,2024-02-15T11:00:00+00:00,2024-02-15T08:45:00+00:00,9,Thu,london,1.5,35.130826644479534,-1.0,hard_stop,9,-1.350375,OK,0.046154,-1.102564,False,False,False,True,True,0.00042697543532916276,22.42803127823027,0.21111220359597166,0.7026165328895133,-0.41680158550467694,24.916382262250277,-3,0.237662817420497,1.7349960621099163,bearish,2024-02-15T06:00:00+00:00,54.46369663111946,1.8293368582448886,0.13359212695889955,2024-02-15T08:00:00+00:00,low
CAMPAIGN_022,validation,EUR_USD,long,2024-02-22T17:45:00+00:00,2024-02-23T02:15:00+00:00,2024-02-22T17:30:00+00:00,17,Thu,new_york,1.4,18.948596300433916,0.1352941176470588,time_stop,32,0.17526,OK,0.458824,-0.588235,True,False,False,True,False,0.0007388410084856474,31.105044545206468,0.05585893133367679,0.21655538629058935,-0.9446661694994174,22.633973914045313,3,0.20518176353579193,1.163116485609975,bullish,2024-02-22T14:00:00+00:00,46.76901157388566,2.1496399901723358,0.21675521483364912,2024-02-22T17:00:00+00:00,med
CAMPAIGN_022,validation,EUR_USD,long,2024-02-23T17:00:00+00:00,2024-02-26T01:00:00+00:00,2024-02-23T16:45:00+00:00,17,Fri,new_york,1.4,22.53847735167085,-1.0,hard_stop,28,-1.309,OK,0.042857,-1.128571,False,False,False,True,True,0.0006211599737442838,18.66739964688979,0.4432101624086498,0.7083521453382202,0.2815074498136997,23.45024801200391,3,0.15625312922089296,1.224104085546293,bullish,2024-02-23T14:00:00+00:00,51.153343304414655,1.3261524723951448,0.5131885273316298,2024-02-23T16:00:00+00:00,med
CAMPAIGN_022,validation,EUR_USD,long,2024-02-27T16:00:00+00:00,2024-02-28T00:15:00+00:00,2024-02-27T15:45:00+00:00,16,Tue,new_york,1.4,21.25031985985903,-0.5,time_stop,32,-0.65392,OK,0.701493,-0.58209,True,True,False,True,False,0.0006588136127986205,18.4436491934993,0.07163793894998753,1.5482375897897607,-0.37077850920133154,28.672857370927936,3,0.2432000168140828,1.9193316834528253,bullish,2024-02-27T14:00:00+00:00,49.36583825876143,1.686304291891443,0.5378267428572089,2024-02-27T15:00:00+00:00,med
CAMPAIGN_022,validation,GBP_USD,short,2024-02-06T09:00:00+00:00,2024-02-06T12:45:00+00:00,2024-02-06T08:45:00+00:00,9,Tue,london,1.5,25.206467073731382,-1.0,hard_stop,16,-1.32588,OK,1.099617,-1.045977,True,True,True,True,True,0.0005950853785309751,37.304889356440725,0.21421847344713585,1.0082586829491442,-0.16619962041650244,22.023980465036896,-3,0.39687267288461314,3.1438630929790823,bearish,2024-02-06T06:00:00+00:00,39.52627872887676,0.3843283494656992,3.6669219083070264,2024-02-06T08:00:00+00:00,low
CAMPAIGN_022,validation,GBP_USD,long,2024-02-23T17:30:00+00:00,2024-02-26T00:45:00+00:00,2024-02-23T17:15:00+00:00,17,Fri,new_york,2.0,26.679810979887552,-1.0,hard_stop,26,-1.32076,OK,0.280899,-1.078652,True,False,False,True,True,0.0007496304983223796,19.19561087149942,0.020133872095243806,0.1600788658791892,0.5180416017204121,22.386585692934872,3,0.1758759408477543,1.4354540059808665,bullish,2024-02-23T14:00:00+00:00,55.30641550891082,0.43431325103658575,1.4101929804583462,2024-02-23T17:00:00+00:00,low
CAMPAIGN_022,validation,GBP_USD,long,2024-02-26T14:45:00+00:00,2024-02-26T15:00:00+00:00,2024-02-26T14:30:00+00:00,14,Mon,london_ny_overlap,1.8,23.740462085929437,-1.0,hard_stop,2,-1.31075,OK,-0.354286,-1.005714,False,False,False,True,True,0.0007581992269084051,25.4028788299937,0.04512330914722045,0.05275658241322928,0.9432668033955032,26.38553715637313,3,0.19305916557837163,1.2605544370100485,bullish,2024-02-26T14:00:00+00:00,53.095546439905455,0.26335162724782246,1.0302392221026182,2024-02-26T14:00:00+00:00,low
CAMPAIGN_022,validation,GBP_USD,long,2024-02-26T20:15:00+00:00,2024-02-27T01:15:00+00:00,2024-02-26T20:00:00+00:00,20,Mon,new_york,1.8,32.22540276237849,-1.0,hard_stop,16,-1.33434,OK,0.126984,-0.936508,False,False,False,True,True,0.000558565555649597,21.911872104622276,1.09886413482495,1.2711131089604641,1.0679710883098283,26.38553715637313,3,0.19305916557837163,1.2605544370100485,bullish,2024-02-26T14:00:00+00:00,55.32836245127403,0.5478214207853648,1.29550215585906,2024-02-26T20:00:00+00:00,low
CAMPAIGN_022,validation,GBP_USD,long,2024-02-27T10:00:00+00:00,2024-02-27T10:00:00+00:00,2024-02-27T09:45:00+00:00,10,Tue,london,1.7,29.648842589455693,-1.0,hard_stop,1,-1.326535,NO_BARS,,,False,False,False,False,False,0.0005733782001340543,21.251483242440496,0.4871065361690688,0.7325008169161159,0.957726244263759,27.42789435183232,3,0.20285181295787144,1.646259123251139,bullish,2024-02-27T06:00:00+00:00,58.343231815777784,0.41801756743411383,1.454624103362717,2024-02-27T09:00:00+00:00,low
CAMPAIGN_022,validation,NZD_USD,short,2024-01-30T15:15:00+00:00,2024-01-30T16:30:00+00:00,2024-01-30T15:00:00+00:00,15,Tue,london_ny_overlap,1.2,17.993923893328912,-1.0,hard_stop,6,-1.31898,OK,0.245614,-0.982456,False,False,False,True,True,0.0006668917836453056,24.226292649177054,2.074887679903691,3.268896173954692,2.451964217296579,25.046842060783884,-3,0.17708812819031755,1.2399665557467228,bearish,2024-01-30T06:00:00+00:00,44.09283826952096,0.9517345436790361,0.4006757333171347,2024-01-30T15:00:00+00:00,high
CAMPAIGN_022,validation,NZD_USD,short,2024-01-31T10:15:00+00:00,2024-01-31T13:15:00+00:00,2024-01-31T10:00:00+00:00,10,Wed,london,1.4,29.092603021175666,-1.0,hard_stop,12,-1.32888,OK,0.40708,-0.973451,True,False,False,True,True,0.0004812219789961663,27.297151917055622,0.06477305902444529,0.5818520604236338,-0.09154094013576299,22.15892862693189,-3,0.18750053206290035,1.4060147793338735,bearish,2024-01-31T06:00:00+00:00,46.56362059225018,1.2147977764350315,0.30601281630562555,2024-01-31T10:00:00+00:00,med
CAMPAIGN_022,validation,NZD_USD,short,2024-01-31T20:15:00+00:00,2024-02-01T05:15:00+00:00,2024-01-31T20:00:00+00:00,20,Wed,new_york,1.4,10.29445229015287,0.2137096774193548,time_stop,32,0.27295,OK,0.741935,-0.854839,True,True,False,True,False,0.0013599557903038377,20.523710500737696,1.4036635307679382,1.853001412227574,1.08768970814047,22.15892862693189,-3,0.18750053206290035,1.4060147793338735,bearish,2024-01-31T06:00:00+00:00,43.54873719340295,2.5203804371446346,0.682038801641376,2024-01-31T20:00:00+00:00,high
CAMPAIGN_022,validation,NZD_USD,long,2024-02-21T19:15:00+00:00,2024-02-22T04:30:00+00:00,2024-02-21T19:00:00+00:00,19,Wed,new_york,1.5,31.784581424030144,1.4756756756756757,time_stop,32,1.996995,OK,2.167568,-0.913514,True,True,True,True,True,0.00047192693211493825,28.944228546169157,0.6336528140016493,1.1442449312650531,-0.10669906146502385,21.13783835343479,3,0.2703447670784442,1.7049977794633502,bullish,2024-02-21T14:00:00+00:00,52.269708214616955,1.1950053803905996,1.5331199461726692,2024-02-21T19:00:00+00:00,med
CAMPAIGN_022,validation,NZD_USD,long,2024-02-22T17:30:00+00:00,2024-02-23T02:45:00+00:00,2024-02-22T17:15:00+00:00,17,Thu,new_york,1.3,24.22917878641754,0.5850622406639004,time_stop,32,0.771975,OK,0.825726,-0.452282,True,True,False,False,False,0.0005365431537979973,22.15319665197005,0.3634728131690915,1.2300967691565714,-0.3403604845045825,23.65477553578725,3,0.30087488428339537,2.328747451891507,bullish,2024-02-22T14:00:00+00:00,52.66499255228224,1.4479518194399625,1.3146474899668013,2024-02-22T17:00:00+00:00,med
CAMPAIGN_022,validation,USD_CAD,long,2024-01-23T07:45:00+00:00,2024-01-23T15:30:00+00:00,2024-01-23T07:30:00+00:00,7,Tue,london,2.0,40.39650458294238,0.9078313367010892,time_stop,32,1.6722979487103424,OK,1.577586,-0.474138,True,True,True,False,False,0.0004950923404507899,22.27786866224802,0.6867165970060399,1.2320933897797413,0.7355982029655331,28.317987228585775,3,0.16146203687868257,1.6728359697437962,bullish,2024-01-23T06:00:00+00:00,56.68175011421402,0.3765155200903289,0.6507896894329995,2024-01-23T07:00:00+00:00,low
CAMPAIGN_022,validation,USD_CAD,long,2024-01-23T15:45:00+00:00,2024-01-23T19:30:00+00:00,2024-01-23T15:30:00+00:00,15,Tue,london_ny_overlap,1.8,24.38023823317926,-0.7423298765505415,hard_stop,16,-1.3302551387785704,OK,0.30625,-1.19375,True,False,False,True,True,0.0007383028757899362,18.490873181467947,1.1863496908300222,1.4899034475830129,1.6607791782886434,27.399903827682014,3,0.2150983763069846,1.8298844045427458,bullish,2024-01-23T14:00:00+00:00,62.87107397242021,0.17918871125969846,1.3185044089390023,2024-01-23T15:00:00+00:00,med
CAMPAIGN_022,validation,USD_CAD,long,2024-01-24T02:15:00+00:00,2024-01-24T06:30:00+00:00,2024-01-24T02:00:00+00:00,2,Wed,asia,2.0,40.36727842606199,-0.742605505677219,hard_stop,16,-1.3749192416512577,OK,0.045045,-1.243243,False,False,False,True,True,0.0004954507903383342,21.62966624760381,1.6613203089680073,1.9174457252379573,0.9718181561376684,27.399903827682014,3,0.2150983763069846,1.8298844045427458,bullish,2024-01-23T14:00:00+00:00,54.19063191040595,1.213643620573387,0.6446626558633222,2024-01-24T02:00:00+00:00,low
CAMPAIGN_022,validation,USD_CAD,long,2024-01-24T15:00:00+00:00,2024-01-25T00:15:00+00:00,2024-01-24T14:45:00+00:00,15,Wed,london_ny_overlap,1.5,16.450897986716303,2.635370706324143,time_stop,32,4.664922394678492,OK,3.808081,-0.373737,True,True,True,False,False,0.0009118043289863042,27.737889629854763,2.988432612921452,3.9920845781099183,2.3156213712171505,23.690204666594067,3,0.08681799008021346,1.4993623339338749,bullish,2024-01-24T14:00:00+00:00,55.612513309073584,1.9846032955163635,0.8111820169686077,2024-01-24T14:00:00+00:00,med
CAMPAIGN_022,validation,USD_CAD,long,2024-01-25T17:45:00+00:00,2024-01-25T19:30:00+00:00,2024-01-25T17:30:00+00:00,17,Thu,new_york,1.7,17.211701908719142,-0.7416306975778341,hard_stop,8,-1.3128902831546003,OK,0.002387,-1.057279,False,False,False,True,True,0.0009877001176384597,21.40229613785833,0.24880905381823154,1.0023285229195735,-0.20317267408548415,22.51581692160588,3,0.21592587978305294,1.6535715289599557,bullish,2024-01-25T14:00:00+00:00,48.76720963394436,1.184710846036755,0.3914358724076375,2024-01-25T17:00:00+00:00,high
CAMPAIGN_022,validation,USD_CHF,long,2024-02-02T13:45:00+00:00,2024-02-02T21:30:00+00:00,2024-02-02T13:30:00+00:00,13,Fri,london_ny_overlap,1.4,14.48002711654263,4.836213405441743,time_stop,32,5.544960480009231,OK,5.434783,0.930435,True,True,True,False,False,0.0009668490181213664,29.53855854272235,5.212838992230028,5.833382352664294,4.847048244331125,21.612711585599765,1,-0.06817007070262611,0.6470289135539727,bullish,2024-02-02T10:00:00+00:00,68.20898705068015,1.7265939331533302,2.1743233379088953,2024-02-02T13:00:00+00:00,high
CAMPAIGN_022,validation,USD_CHF,long,2024-02-09T15:30:00+00:00,2024-02-12T00:30:00+00:00,2024-02-09T15:15:00+00:00,15,Fri,london_ny_overlap,1.7,23.12667417771069,-0.694620067359485,time_stop,32,-0.8093157328818832,OK,0.214502,-0.673716,False,False,False,True,False,0.0007350819175021919,36.9371692933839,0.12344420988180882,0.34009814967217855,0.2724251407916889,23.83150203123071,3,0.35408680841456824,2.7105618657666892,bullish,2024-02-09T14:00:00+00:00,54.355010993595236,1.3620294859171198,1.3717360904000175,2024-02-09T15:00:00+00:00,med
CAMPAIGN_022,validation,USD_CHF,long,2024-02-12T08:45:00+00:00,2024-02-12T16:30:00+00:00,2024-02-12T08:30:00+00:00,8,Mon,london,1.5,32.10927633167883,1.2424246222931647,time_stop,32,1.4785163611444236,OK,2.77561,0.02439,True,True,True,False,False,0.000467154720182874,30.15327660601612,0.21623317112245455,1.6482761850260457,-0.31193282999741107,23.83150203123071,3,0.35408680841456824,2.7105618657666892,bullish,2024-02-09T14:00:00+00:00,53.17320534365585,1.7840934606246062,1.0998134336966892,2024-02-12T08:00:00+00:00,low
CAMPAIGN_022,validation,USD_CHF,long,2024-02-13T00:15:00+00:00,2024-02-13T08:45:00+00:00,2024-02-13T00:00:00+00:00,0,Tue,asia,1.6,40.947298392149854,4.698858453799165,time_stop,32,5.5982199618563255,OK,4.617391,-0.486957,True,True,True,False,False,0.000390746169546253,19.058976422874153,0.17226841462766979,0.0,0.5079313036542726,25.44692653849048,3,0.36044178000285343,2.6644231220997856,bullish,2024-02-12T14:00:00+00:00,53.44608565444929,0.2194174097581904,1.171104665569078,2024-02-12T20:00:00+00:00,low
CAMPAIGN_022,validation,USD_CHF,long,2024-02-13T11:00:00+00:00,2024-02-13T12:45:00+00:00,2024-02-13T10:45:00+00:00,11,Tue,london,1.3,16.19427507633284,-1.1381743683132255,hard_stop,8,-1.3328875483724105,OK,0.424332,-0.976261,True,False,False,True,True,0.0008027528209026707,35.583020724231005,1.2090331421786322,1.3827419488252732,2.8997880506686777,29.403575407114705,3,0.4208179979943277,4.799491419818111,bullish,2024-02-13T10:00:00+00:00,67.75900049002931,0.3725927354798743,3.518115430718989,2024-02-13T10:00:00+00:00,med
CAMPAIGN_022,validation,USD_JPY,long,2024-01-19T12:30:00+00:00,2024-01-19T20:15:00+00:00,2024-01-19T12:15:00+00:00,12,Fri,london_ny_overlap,1.4,11.633824064308866,0.0012754368610393,time_stop,32,0.2426467610652916,OK,1.637795,-0.614173,True,True,True,True,False,0.12033876327002631,28.066749136993018,0.07105809285224049,0.7395788155170028,-0.5286637304619352,53.58093320191781,3,0.5880318400156938,4.406642022226244,bullish,2024-01-19T10:00:00+00:00,51.26614027373289,1.4143890851030332,1.1182735737777336,2024-01-19T12:00:00+00:00,med
CAMPAIGN_022,validation,USD_JPY,long,2024-01-22T05:30:00+00:00,2024-01-22T12:15:00+00:00,2024-01-22T05:15:00+00:00,5,Mon,asia,1.5,14.831881006350768,-0.0067645725804815,hard_stop,28,-1.2995014510008185,OK,1.334152,-1.289926,True,True,True,True,True,0.1011334974544176,21.111352935363637,0.8204626317978069,1.2854296872170214,-0.04429106925162615,53.05002522435306,3,0.5237960425465984,4.014044714086489,bullish,2024-01-22T02:00:00+00:00,49.69675097545975,1.60613777611638,0.3842979023198965,2024-01-22T05:00:00+00:00,med
CAMPAIGN_022,validation,USD_JPY,long,2024-01-25T04:30:00+00:00,2024-01-25T11:30:00+00:00,2024-01-25T04:15:00+00:00,4,Thu,asia,1.8,19.38733955194574,-0.0067811321778284,hard_stop,29,-1.304689831014186,OK,0.990385,-0.961538,True,True,False,True,True,0.09284409524974507,19.570116557458082,0.11558713129547592,0.48468348879881484,0.8812591900768071,32.37413755609686,3,0.13174032597303656,1.8858826393012145,bullish,2024-01-25T02:00:00+00:00,54.01463500448346,0.34309360920466486,0.15299457700698768,2024-01-25T04:00:00+00:00,low
CAMPAIGN_022,validation,USD_JPY,long,2024-01-25T21:15:00+00:00,2024-01-25T23:15:00+00:00,2024-01-25T21:00:00+00:00,21,Thu,late,1.8,18.20546939638118,-0.0067786499640731,hard_stop,5,-1.2960507585309309,OK,-0.20354,-1.088496,False,False,False,True,True,0.09887138643938496,23.716470665935713,0.010895182873628296,0.12136979597587912,0.6524605067568626,27.2590478939405,3,0.18028781767143134,1.7543922051810343,bullish,2024-01-25T14:00:00+00:00,52.143006662127284,1.437038601831086,0.09345804948307083,2024-01-25T20:00:00+00:00,low
CAMPAIGN_022,validation,USD_JPY,long,2024-01-25T23:45:00+00:00,2024-01-26T01:15:00+00:00,2024-01-25T23:30:00+00:00,23,Thu,late,1.9,20.35548530715798,-0.006778879722337,hard_stop,7,-1.3068731061504777,OK,0.753281,-1.005249,True,True,False,True,True,0.09334093347957995,19.738266713819385,0.07849047758535485,1.7034327178094486,0.35206278583984985,27.2590478939405,3,0.18028781767143134,1.7543922051810343,bullish,2024-01-25T14:00:00+00:00,52.17569082086745,0.6784242311160726,0.09375666464933176,2024-01-25T23:00:00+00:00,low
