instrument,split,side,entry_time,exit_time,result_r,exit_reason,bars_held,mfe_status,mfe_r,mae_r,reached_plus_0_25r,reached_plus_0_5r,reached_plus_1_0r,touched_minus_0_5r,touched_minus_0_9r,bars_to_exit,open_at_h2,reached_plus_025_h2,reached_plus_05_h2,mae_by_h2,no_continuation_h2,early_favorable_displacement_h2,early_adverse_expansion_h2,early_retest_hold_h2,early_reclaim_failure_h2,range_compression_after_entry_h2,open_at_h4,reached_plus_025_h4,reached_plus_05_h4,mae_by_h4,no_continuation_h4,early_favorable_displacement_h4,early_adverse_expansion_h4,early_retest_hold_h4,early_reclaim_failure_h4,range_compression_after_entry_h4,open_at_h8,reached_plus_025_h8,reached_plus_05_h8,mae_by_h8,no_continuation_h8,early_favorable_displacement_h8,early_adverse_expansion_h8,early_retest_hold_h8,early_reclaim_failure_h8,range_compression_after_entry_h8,open_at_h16,reached_plus_025_h16,reached_plus_05_h16,mae_by_h16,no_continuation_h16,early_favorable_displacement_h16,early_adverse_expansion_h16,early_retest_hold_h16,early_reclaim_failure_h16,range_compression_after_entry_h16,trap_or_failed_breakout,time_to_first_plus_025,time_to_first_plus_05,time_to_first_plus_10,time_to_first_minus_025,time_to_first_minus_05,time_to_first_minus_09,profitable_trade,survived_to_time_exit,hard_stop_loss,clean_winner,straight_to_stop
USD_JPY,train,short,2021-07-09T10:00:00+00:00,2021-07-09T13:45:00+00:00,-0.0090793535500272,hard_stop,16,OK,0.846154,-1.446154,True,True,False,True,True,15,True,True,True,0.076923,False,True,False,False,False,True,True,True,True,-0.030769,False,True,False,True,False,True,True,True,True,-0.546154,False,False,False,True,True,False,False,True,True,-1.446154,False,False,False,True,True,False,False,1.0,1.0,,6.0,6.0,15.0,False,False,True,False,False
USD_JPY,train,short,2021-07-15T13:30:00+00:00,2021-07-15T14:45:00+00:00,-0.0090865310350467,hard_stop,6,OK,0.429553,-0.979381,True,False,False,True,True,5,True,True,False,-0.402062,False,True,False,True,True,True,True,True,False,-0.883162,False,False,False,True,True,False,False,True,False,-0.979381,False,False,False,True,True,False,False,True,False,-0.979381,False,False,False,True,True,False,False,1.0,,,2.0,3.0,5.0,False,False,True,False,False
USD_JPY,train,short,2021-07-15T17:30:00+00:00,2021-07-16T02:30:00+00:00,-0.0090864484707507,hard_stop,29,OK,1.52549,-1.156863,True,True,True,True,True,28,True,True,True,0.019608,False,True,False,False,False,True,True,True,True,0.019608,False,True,False,False,False,True,True,True,True,0.019608,False,True,False,False,False,False,True,True,True,0.019608,False,True,False,False,False,False,False,1.0,2.0,7.0,23.0,24.0,26.0,False,False,True,False,False
USD_JPY,train,short,2021-07-20T09:30:00+00:00,2021-07-20T14:15:00+00:00,-0.0091159364801546,hard_stop,20,OK,1.624113,-1.35461,True,True,True,True,True,19,True,True,True,0.439716,False,True,False,False,False,True,True,True,True,0.439716,False,True,False,False,False,False,True,True,True,-0.312057,False,True,False,True,True,False,True,True,True,-0.489362,False,True,False,True,True,False,False,1.0,1.0,1.0,7.0,18.0,19.0,False,False,True,False,False
USD_JPY,train,long,2021-09-28T15:00:00+00:00,2021-09-28T15:30:00+00:00,-0.0089885216578429,hard_stop,3,OK,-0.158654,-1.048077,False,False,False,True,True,2,False,False,False,-1.048077,True,False,True,False,True,True,False,False,False,-1.048077,True,False,True,False,True,True,False,False,False,-1.048077,True,False,True,False,True,True,False,False,False,-1.048077,True,False,True,False,True,True,True,,,,1.0,1.0,2.0,False,False,True,False,True
USD_JPY,train,long,2021-09-28T17:00:00+00:00,2021-09-29T03:15:00+00:00,0.0009444792589993,time_stop,32,OK,1.331579,-0.468421,True,True,True,False,False,31,True,True,False,0.068421,False,True,False,False,False,True,True,True,True,0.068421,False,True,False,False,False,True,True,True,True,0.068421,False,True,False,False,False,False,True,True,True,0.068421,False,True,False,True,True,False,False,1.0,3.0,8.0,30.0,,,True,True,False,True,False
USD_JPY,train,long,2021-09-29T10:30:00+00:00,2021-09-29T18:45:00+00:00,0.0343330604549626,time_stop,32,OK,4.320635,-0.346032,True,True,True,False,False,31,True,False,False,-0.346032,True,False,False,True,True,True,True,True,True,-0.346032,False,True,False,True,True,True,True,True,True,-0.346032,False,True,False,True,True,False,True,True,True,-0.346032,False,True,False,True,True,False,True,3.0,3.0,7.0,1.0,,,True,True,False,True,False
USD_JPY,train,long,2021-10-05T08:45:00+00:00,2021-10-05T16:30:00+00:00,0.0174038133386632,time_stop,32,OK,2.916667,-0.484848,True,True,True,False,False,31,True,False,False,-0.371212,True,False,False,True,False,True,True,False,False,-0.484848,True,False,False,True,True,True,True,True,False,-0.484848,False,True,False,True,True,False,True,True,True,-0.484848,False,True,False,True,True,False,False,7.0,10.0,10.0,1.0,,,True,True,False,True,False
USD_JPY,train,long,2021-10-06T16:45:00+00:00,2021-10-07T03:30:00+00:00,0.0017829463676063,time_stop,32,OK,0.721854,-0.589404,True,True,False,True,False,31,True,True,False,-0.350993,False,True,False,True,False,True,True,True,False,-0.350993,False,True,False,True,False,False,True,True,True,-0.350993,False,True,False,True,False,False,True,True,True,-0.350993,False,True,False,True,True,False,False,2.0,6.0,,1.0,17.0,,True,True,False,False,False
USD_JPY,train,long,2021-10-12T08:00:00+00:00,2021-10-12T15:45:00+00:00,0.0186485107580795,time_stop,32,OK,2.725714,-0.445714,True,True,True,False,False,31,True,True,False,-0.222857,False,True,False,True,False,True,True,True,True,-0.222857,False,True,False,True,False,True,True,True,True,-0.445714,False,True,False,True,True,False,True,True,True,-0.445714,False,True,False,True,True,False,False,1.0,3.0,17.0,7.0,,,True,True,False,True,False
USD_JPY,train,long,2021-10-13T03:30:00+00:00,2021-10-13T11:45:00+00:00,0.0026947750546382,time_stop,32,OK,0.828358,-0.731343,True,True,False,True,False,31,True,False,False,-0.447761,True,False,False,False,True,True,True,True,False,-0.447761,False,True,False,True,True,True,True,True,False,-0.529851,False,False,False,True,True,False,True,True,True,-0.731343,False,False,False,True,True,False,True,4.0,12.0,,1.0,8.0,,True,True,False,False,False
USD_JPY,train,long,2021-10-13T16:00:00+00:00,2021-10-13T19:15:00+00:00,-0.0088256579528003,hard_stop,14,OK,-0.078086,-1.050378,False,False,False,True,True,13,True,False,False,-0.59194,True,False,True,False,True,True,True,False,False,-0.778338,True,False,True,False,True,True,True,False,False,-0.919395,True,False,True,True,True,True,False,False,False,-1.050378,True,False,True,True,True,False,True,,,,1.0,1.0,5.0,False,False,True,False,True
USD_JPY,train,long,2021-10-14T00:30:00+00:00,2021-10-14T08:45:00+00:00,0.0019512905835919,time_stop,32,OK,1.672131,-0.655738,True,True,True,True,False,31,True,False,False,-0.319672,True,False,False,True,False,True,True,True,True,-0.319672,False,True,False,True,False,False,True,True,True,-0.319672,False,True,False,True,False,False,True,True,True,-0.319672,False,True,False,True,False,False,False,3.0,3.0,5.0,1.0,28.0,,True,True,False,False,False
USD_JPY,train,long,2021-10-14T10:45:00+00:00,2021-10-14T18:30:00+00:00,0.0143774972854426,time_stop,32,OK,2.038328,-0.714286,True,True,True,True,False,31,True,False,False,-0.714286,True,False,True,False,True,True,True,False,False,-0.714286,True,False,True,True,True,True,True,True,True,-0.714286,False,False,True,True,True,False,True,True,True,-0.714286,False,False,True,True,True,False,True,5.0,6.0,11.0,1.0,1.0,,True,True,False,False,False
USD_JPY,train,long,2021-10-15T15:45:00+00:00,2021-10-18T01:00:00+00:00,-0.0087639346561032,hard_stop,30,OK,0.27845,-1.242131,True,False,False,True,True,29,True,False,False,-0.326877,True,False,False,True,True,True,True,False,False,-0.506053,True,False,True,True,True,True,True,False,False,-0.506053,True,False,True,True,True,True,True,False,False,-0.59322,True,False,True,True,True,False,True,18.0,,,2.0,4.0,29.0,False,False,True,False,False
USD_JPY,train,long,2021-10-18T03:15:00+00:00,2021-10-18T11:00:00+00:00,0.0008203176269851,time_stop,32,OK,1.15,-0.30625,True,True,True,False,False,31,True,True,True,0.28125,False,True,False,False,False,True,True,True,True,0.28125,False,True,False,False,False,True,True,True,True,0.05,False,True,False,True,False,False,True,True,True,-0.30625,False,True,False,True,True,False,False,1.0,1.0,2.0,11.0,,,True,True,False,True,False
USD_JPY,train,long,2021-10-19T09:30:00+00:00,2021-10-19T17:30:00+00:00,0.0073127317429619,time_stop,32,OK,1.411392,-0.297468,True,True,True,False,False,31,True,False,False,-0.297468,True,False,False,True,False,True,True,False,False,-0.297468,True,False,False,True,False,True,True,True,True,-0.297468,False,True,False,True,False,False,True,True,True,-0.297468,False,True,False,True,True,False,False,5.0,6.0,11.0,1.0,,,True,True,False,True,False
USD_JPY,train,long,2021-10-20T09:45:00+00:00,2021-10-20T12:00:00+00:00,-0.0087476818643059,hard_stop,10,OK,0.467577,-1.94198,True,False,False,True,True,9,True,True,False,-0.105802,False,True,False,True,False,True,True,True,False,-0.303754,False,True,False,True,True,True,True,True,False,-0.645051,False,False,False,True,True,False,False,True,False,-1.94198,False,False,False,True,True,False,False,1.0,,,4.0,6.0,9.0,False,False,True,False,False
USD_JPY,train,long,2021-10-20T14:45:00+00:00,2021-10-20T16:30:00+00:00,-0.0087593286850495,hard_stop,8,OK,-0.04298,-1.240688,False,False,False,True,True,7,True,False,False,-0.696275,True,False,True,False,True,True,True,False,False,-0.810888,True,False,True,False,True,True,False,False,False,-1.240688,True,False,True,False,True,False,False,False,False,-1.240688,True,False,True,False,True,False,True,,,,1.0,1.0,6.0,False,False,True,False,True
USD_JPY,train,long,2021-10-20T19:15:00+00:00,2021-10-21T04:00:00+00:00,-0.008760633218569,hard_stop,28,OK,0.820069,-2.134948,True,True,False,True,True,27,True,False,False,-0.294118,True,False,False,True,False,True,True,True,False,-0.294118,False,True,False,True,False,True,True,True,True,-0.294118,False,True,False,True,False,False,True,True,True,-0.467128,False,True,False,True,True,False,False,4.0,7.0,,2.0,26.0,27.0,False,False,True,False,False
USD_JPY,validation,long,2024-01-19T12:30:00+00:00,2024-01-19T20:15:00+00:00,0.0012754368610393,time_stop,32,OK,1.637795,-0.614173,True,True,True,True,False,31,True,True,False,-0.34252,False,True,False,True,True,True,True,True,False,-0.614173,False,False,False,True,True,False,True,True,True,-0.614173,False,False,False,True,True,False,True,True,True,-0.614173,False,False,False,True,True,False,False,1.0,7.0,8.0,2.0,3.0,,True,True,False,False,False
USD_JPY,validation,long,2024-01-22T05:30:00+00:00,2024-01-22T12:15:00+00:00,-0.0067645725804815,hard_stop,28,OK,1.334152,-1.289926,True,True,True,True,True,27,True,True,False,-0.248157,False,True,False,True,False,True,True,True,False,-0.257985,False,True,False,True,False,True,True,True,True,-0.562654,False,False,False,True,True,False,True,True,True,-0.562654,False,False,False,True,True,False,False,1.0,6.0,12.0,3.0,7.0,27.0,False,False,True,False,False
USD_JPY,validation,long,2024-01-25T04:30:00+00:00,2024-01-25T11:30:00+00:00,-0.0067811321778284,hard_stop,29,OK,0.990385,-0.961538,True,True,False,True,True,28,True,True,True,0.25,False,True,False,False,False,True,True,True,True,0.177885,False,True,False,False,False,True,True,True,True,0.076923,False,True,False,False,True,False,True,True,True,-0.673077,False,False,False,True,True,False,False,1.0,1.0,,11.0,12.0,28.0,False,False,True,False,False
USD_JPY,validation,long,2024-01-25T21:15:00+00:00,2024-01-25T23:15:00+00:00,-0.0067786499640731,hard_stop,5,OK,-0.20354,-1.088496,False,False,False,True,True,4,True,False,False,-0.49115,True,False,False,False,True,True,False,False,False,-1.088496,True,False,True,False,True,False,False,False,False,-1.088496,True,False,True,False,True,False,False,False,False,-1.088496,True,False,True,False,True,False,True,,,,1.0,3.0,4.0,False,False,True,False,True
USD_JPY,validation,long,2024-01-25T23:45:00+00:00,2024-01-26T01:15:00+00:00,-0.006778879722337,hard_stop,7,OK,0.753281,-1.005249,True,True,False,True,True,6,True,True,True,-0.044619,False,True,False,True,False,True,True,True,True,-0.889764,False,False,False,True,True,False,False,True,True,-1.005249,False,False,False,True,True,False,False,True,True,-1.005249,False,False,False,True,True,False,False,1.0,1.0,,3.0,4.0,6.0,False,False,True,False,False
USD_JPY,validation,short,2024-02-01T18:45:00+00:00,2024-02-02T03:30:00+00:00,-0.0018103164741037,time_stop,32,OK,0.282971,-0.541613,True,False,False,True,False,31,True,True,False,-0.180538,False,True,False,True,False,True,True,True,False,-0.180538,False,True,False,True,False,True,True,True,False,-0.180538,False,True,False,True,False,True,True,True,False,-0.541613,False,False,False,True,True,False,False,1.0,,,9.0,15.0,,False,True,False,False,False
USD_JPY,validation,long,2024-02-06T07:30:00+00:00,2024-02-06T15:00:00+00:00,-0.0067406793256624,hard_stop,31,OK,1.69969,-2.009288,True,True,True,True,True,30,True,True,True,-0.380805,False,True,False,True,False,False,True,True,True,-0.380805,False,True,False,True,False,False,True,True,True,-0.380805,False,True,False,True,False,False,True,True,True,-0.380805,False,True,False,True,False,False,False,2.0,2.0,6.0,1.0,29.0,30.0,False,False,True,False,False
USD_JPY,validation,long,2024-02-09T14:30:00+00:00,2024-02-11T23:00:00+00:00,-0.0067036259912986,hard_stop,30,OK,-0.017341,-1.366089,False,False,False,True,True,29,True,False,False,-0.518304,True,False,True,True,True,True,True,False,False,-0.811175,True,False,True,True,True,True,True,False,False,-0.811175,True,False,True,True,True,True,True,False,False,-0.811175,True,False,True,True,True,True,True,,,,1.0,1.0,29.0,False,False,True,False,True
USD_JPY,validation,long,2024-02-14T08:30:00+00:00,2024-02-14T16:15:00+00:00,0.0012759157725968,time_stop,32,OK,1.344633,-0.158192,True,True,True,False,False,31,True,True,True,-0.158192,False,True,False,True,False,True,True,True,True,-0.158192,False,True,False,True,False,True,True,True,True,-0.158192,False,True,False,True,False,False,True,True,True,-0.158192,False,True,False,True,True,False,False,1.0,2.0,21.0,,,,True,True,False,True,False
USD_JPY,validation,long,2024-02-16T17:00:00+00:00,2024-02-16T18:00:00+00:00,-0.0066600953725657,hard_stop,5,OK,0.158879,-1.018692,False,False,False,True,True,4,True,False,False,-0.261682,True,False,False,True,True,True,False,False,False,-1.018692,True,False,True,True,True,False,False,False,False,-1.018692,True,False,True,True,True,False,False,False,False,-1.018692,True,False,True,True,True,False,True,,,,2.0,3.0,4.0,False,False,True,False,True
USD_JPY,validation,short,2024-03-11T15:30:00+00:00,2024-03-11T23:45:00+00:00,0.0031912682441426,time_stop,32,OK,0.578732,-0.803681,True,True,False,True,False,31,True,False,False,-0.296524,True,False,False,True,True,True,True,False,False,-0.337423,True,False,False,True,True,True,True,True,False,-0.337423,False,True,False,True,True,True,True,True,False,-0.803681,False,False,False,True,True,False,True,6.0,29.0,,1.0,11.0,,True,True,False,False,False
USD_JPY,validation,short,2024-03-14T01:00:00+00:00,2024-03-14T02:15:00+00:00,-0.0067678688657728,hard_stop,6,OK,0.089385,-1.162011,False,False,False,True,True,5,True,False,False,-0.759777,True,False,True,True,True,True,True,False,False,-0.815642,True,False,True,True,True,True,False,False,False,-1.162011,True,False,True,True,True,False,False,False,False,-1.162011,True,False,True,True,True,False,True,,,,1.0,2.0,5.0,False,False,True,False,True
USD_JPY,validation,long,2024-03-15T07:30:00+00:00,2024-03-15T15:15:00+00:00,0.0189445158403581,time_stop,32,OK,3.279188,-0.177665,True,True,True,False,False,31,True,True,True,-0.177665,False,True,False,True,False,False,True,True,True,-0.177665,False,True,False,True,False,False,True,True,True,-0.177665,False,True,False,True,False,False,True,True,True,-0.177665,False,True,False,True,True,False,False,1.0,1.0,2.0,,,,True,True,False,True,False
USD_JPY,validation,long,2024-03-18T19:45:00+00:00,2024-03-19T03:30:00+00:00,-0.0067109139593721,hard_stop,27,OK,4.649231,-1.055385,True,True,True,True,True,26,True,False,False,-0.095385,True,False,False,True,False,True,True,False,False,-0.544615,True,False,True,True,True,True,True,False,False,-0.870769,True,False,True,True,True,False,True,True,True,-0.870769,False,False,True,True,True,False,False,14.0,16.0,16.0,4.0,4.0,26.0,False,False,True,False,False
USD_JPY,validation,long,2024-03-21T04:30:00+00:00,2024-03-21T12:15:00+00:00,0.0111601598842073,time_stop,32,OK,2.962894,0.09833,True,True,True,False,False,31,True,True,True,0.09833,False,True,False,False,False,True,True,True,True,0.09833,False,True,False,False,False,True,True,True,True,0.09833,False,True,False,False,False,False,True,True,True,0.09833,False,True,False,False,False,False,False,1.0,1.0,5.0,,,,True,True,False,True,False
USD_JPY,validation,long,2024-03-22T03:00:00+00:00,2024-03-22T06:15:00+00:00,-0.006604191019621,hard_stop,14,OK,0.028825,-1.093126,False,False,False,True,True,13,True,False,False,-0.578714,True,False,True,False,True,True,True,False,False,-0.605322,True,False,True,False,True,True,True,False,False,-0.649667,True,False,True,True,True,True,False,False,False,-1.093126,True,False,True,True,True,False,True,,,,1.0,1.0,13.0,False,False,True,False,True
USD_JPY,validation,long,2024-03-22T08:30:00+00:00,2024-03-22T12:00:00+00:00,-0.0066106524052858,hard_stop,15,OK,0.719457,-1.036199,True,True,False,True,True,14,True,True,False,-0.208145,False,True,False,True,False,True,True,True,True,-0.253394,False,True,False,True,False,True,True,True,True,-0.253394,False,True,False,True,False,False,False,True,True,-1.036199,False,False,False,True,True,False,False,2.0,4.0,,3.0,14.0,14.0,False,False,True,False,False
USD_JPY,validation,long,2024-03-22T15:45:00+00:00,2024-03-25T00:45:00+00:00,-0.0007725357696936,time_stop,32,OK,0.576994,-0.914657,True,True,False,True,True,31,True,True,False,0.009276,False,True,False,False,False,True,True,True,False,0.009276,False,True,False,True,False,True,True,True,False,0.009276,False,True,False,True,False,True,True,True,True,0.009276,False,True,False,True,False,True,False,2.0,13.0,,24.0,24.0,24.0,False,True,False,False,False
USD_JPY,validation,long,2024-04-11T14:00:00+00:00,2024-04-11T22:45:00+00:00,0.0018035631661019,time_stop,32,OK,0.677932,-0.240557,True,True,False,False,False,31,True,True,True,0.06163,False,True,False,False,False,True,True,True,True,0.06163,False,True,False,False,False,True,True,True,True,0.06163,False,True,False,True,False,True,True,True,True,-0.240557,False,True,False,True,True,False,False,1.0,2.0,,,,,True,True,False,True,False
USD_JPY,validation,long,2024-04-12T15:15:00+00:00,2024-04-15T00:00:00+00:00,0.0061371141010686,time_stop,32,OK,1.107209,-0.001848,True,True,True,False,False,31,True,True,False,0.027726,False,True,False,True,False,True,True,True,False,0.027726,False,True,False,True,False,True,True,True,False,-0.001848,False,True,False,True,False,True,True,True,True,-0.001848,False,True,False,True,False,True,False,1.0,12.0,22.0,,,,True,True,False,True,False
